{
  
    "issue": [
      {
    "_id": "61e1107b5abbddfcdcd07f15",
    "issuenumber": 3,
    "issuetitle": "app crashing",
    "issuedetails": "whenever input is entered in search bar the app is crashing and a blank white screen appears",
    "issuecby": "gaurav",
    "priority": "Medium",
    "issuestatus": "inprogress",
    "issuedate": "2022-01-14T05:56:11.419Z",
    "createdAt": "2022-01-14T05:56:11.419Z",
    "updatedAt": "2022-01-14T05:59:21.060Z",
    "__v": 0
    },
      {
    "_id": "61e111a15abbddfcdcd07f21",
    "issuenumber": 4,
    "issuetitle": "LOGIN PROBLEM",
    "issuedetails": "not able to login after entering proper details",
    "issuecby": "anand",
    "priority": "high",
    "issuestatus": "closed",
    "issuedate": "2022-01-14T06:01:05.102Z",
    "createdAt": "2022-01-14T06:01:05.103Z",
    "updatedAt": "2022-01-18T07:19:01.233Z",
    "__v": 0
    },
      {
    "_id": "61e112d65abbddfcdcd07f2a",
    "issuenumber": 5,
    "issuetitle": "input mobile number error",
    "issuedetails": "When any string is entered it is accepting the input. only mobile type should be accepted.",
    "issuecby": "anand",
    "priority": "high",
    "issuestatus": "open",
    "issuedate": "2022-01-14T06:06:14.722Z",
    "createdAt": "2022-01-14T06:06:14.722Z",
    "updatedAt": "2022-01-14T06:06:14.722Z",
    "__v": 0
    },
      {
    "_id": "61e509186f23814eef0ae301",
    "issuenumber": 8,
    "issuetitle": "6",
    "issuedetails": "tytyt",
    "issuecby": "6",
    "priority": "Medium",
    "issuestatus": "inprogress",
    "issuedate": "2022-01-17T06:13:44.734Z",
    "createdAt": "2022-01-17T06:13:44.735Z",
    "updatedAt": "2022-01-17T06:13:44.735Z",
    "__v": 0
    },
      {
    "_id": "61e5095c6f23814eef0ae309",
    "issuenumber": 9,
    "issuetitle": "4",
    "issuedetails": "4",
    "issuecby": "644",
    "priority": "Medium",
    "issuestatus": "inprogress",
    "issuedate": "2022-01-17T06:14:52.532Z",
    "createdAt": "2022-01-17T06:14:52.532Z",
    "updatedAt": "2022-01-17T06:14:52.532Z",
    "__v": 0
    },
      {
    "_id": "61e65aacd8149e01354009e1",
    "issuenumber": 11,
    "issuetitle": "2",
    "issuedetails": "2",
    "issuecby": "2",
    "priority": "Medium",
    "issuestatus": "open",
    "issuedate": "2022-01-18T06:14:04.745Z",
    "createdAt": "2022-01-18T06:14:04.748Z",
    "updatedAt": "2022-01-18T06:14:04.748Z",
    "__v": 0
    }
    ]
    }